License_Plate_Number,Vehicle Type,Entry Time
IC8S,Bike,1525341533.931944
H14FE5621,Bike,1525342067.0251193
III,Car,1525343747.0427272
MCLRNF1,Car,1525415658.5371869
